CustomerID,recency,frequency,monetary,R_Score,F_Score,M_Score,Segment
12347,33,1,711.7900000000001,2,1,4,Lost
12348,24,1,892.8000000000001,4,1,5,New/Recent Customers
12370,23,2,1868.0200000000002,4,4,5,Champions
12377,20,1,1001.5200000000001,4,1,5,New/Recent Customers
12383,18,1,600.72,4,1,4,New/Recent Customers
12386,3,2,401.9,5,4,3,Champions
12395,23,2,679.9199999999998,4,4,4,Champions
12413,3,1,479.25,5,1,4,New/Recent Customers
12415,3,1,7011.379999999998,5,1,5,New/Recent Customers
12417,23,1,291.34000000000003,4,1,2,New/Recent Customers
12423,19,1,237.92999999999998,4,1,2,New/Recent Customers
12427,37,1,303.5,1,1,3,Lost
12429,31,1,1281.5,2,1,5,Lost
12431,23,2,773.95,4,4,4,Champions
12433,32,2,3787.119999999999,2,4,5,At Risk
12441,32,1,173.55,2,1,1,Lost
12471,23,4,3874.36,4,5,5,Champions
12472,35,1,1631.3000000000009,1,1,5,Lost
12476,27,1,12.45,3,1,1,Average/Potential
12480,2,1,816.25,5,1,5,New/Recent Customers
12481,2,3,1394.4300000000003,5,5,5,Champions
12483,5,1,547.5600000000001,5,1,4,New/Recent Customers
12484,2,1,1138.6699999999996,5,1,5,New/Recent Customers
12489,2,1,334.92999999999995,5,1,3,New/Recent Customers
12494,24,2,62.55,4,4,1,Champions
12501,2,1,2169.389999999999,5,1,5,New/Recent Customers
12515,19,1,383.70000000000005,4,1,3,New/Recent Customers
12530,2,1,387.4,5,1,3,New/Recent Customers
12540,27,1,881.0099999999999,3,1,5,Average/Potential
12551,23,1,168.0,4,1,1,New/Recent Customers
12557,37,1,620.0,1,1,4,Lost
12567,33,2,1942.3799999999994,2,4,5,At Risk
12577,25,1,195.89000000000001,3,1,2,Average/Potential
12583,2,2,1586.0199999999998,5,4,5,Champions
12585,17,1,1262.85,4,1,5,New/Recent Customers
12600,23,2,274.8,4,4,2,Champions
12621,23,2,1383.6499999999994,4,4,5,Champions
12647,23,4,1193.6000000000001,4,5,5,Champions
12651,0,1,114.00000000000001,5,1,1,New/Recent Customers
12662,39,1,261.48,1,1,2,Lost
12668,21,1,469.86999999999995,4,1,4,New/Recent Customers
12678,19,2,221.27999999999997,4,4,2,Champions
12681,4,3,2674.1799999999985,5,5,5,Champions
12682,4,3,1910.3999999999999,5,5,5,Champions
12683,31,2,1063.08,2,4,5,At Risk
12686,37,1,89.14,1,1,1,Lost
12691,23,1,180.0,4,1,2,New/Recent Customers
12705,23,1,858.0000000000001,4,1,5,New/Recent Customers
12708,34,1,196.44,2,1,2,Lost
12709,23,2,1315.69,4,4,5,Champions
12712,31,2,470.63,2,4,4,At Risk
12720,23,2,657.1299999999998,4,4,4,Champions
12721,20,1,286.59999999999997,4,1,2,New/Recent Customers
12725,37,1,427.79999999999995,1,1,4,Lost
12726,23,1,170.28,4,1,1,New/Recent Customers
12731,30,1,1071.9,3,1,5,Average/Potential
12734,18,1,110.4,4,1,1,New/Recent Customers
12735,3,1,319.76999999999987,5,1,3,New/Recent Customers
12738,38,1,155.35,1,1,1,Lost
12747,27,2,706.2700000000001,3,4,4,Loyal Customers
12748,4,37,4479.429999999998,5,5,5,Champions
12753,28,1,3590.5900000000006,3,1,5,Average/Potential
12755,31,1,3794.3999999999996,2,1,5,Lost
12763,35,1,320.0799999999999,1,1,3,Lost
12766,32,1,1149.29,2,1,5,Lost
12779,37,1,248.16,1,1,2,Lost
12782,23,1,463.49999999999994,4,1,4,New/Recent Customers
12785,30,1,311.95,3,1,3,Average/Potential
12791,39,1,192.60000000000002,1,1,2,Lost
12793,0,2,545.48,5,4,4,Champions
12797,31,1,254.02999999999997,2,1,2,Lost
12808,34,1,129.4,2,1,1,Lost
12826,31,1,155.0,2,1,1,Lost
12829,2,2,293.0,5,4,2,Champions
12838,39,1,390.7899999999999,1,1,3,Lost
12839,23,2,737.45,4,4,4,Champions
12841,3,3,730.1000000000001,5,5,4,Champions
12855,38,1,38.1,1,1,1,Lost
12867,26,1,362.79,3,1,3,Average/Potential
12868,39,1,203.3,1,1,2,Lost
12872,31,1,378.53,2,1,3,Lost
12875,28,1,293.76000000000005,3,1,2,Average/Potential
12877,24,1,150.06,4,1,1,New/Recent Customers
12913,34,1,417.62,2,1,4,Lost
12915,38,1,199.65,1,1,2,Lost
12921,4,3,1169.5000000000002,5,5,5,Champions
12928,25,1,392.34,3,1,3,Average/Potential
12931,23,2,177.0,4,4,2,Champions
12939,0,1,1933.2000000000003,5,1,5,New/Recent Customers
12942,31,1,258.75,2,1,2,Lost
12944,20,1,286.95000000000005,4,1,2,New/Recent Customers
12947,2,2,605.7,5,4,4,Champions
12957,5,1,413.67999999999995,5,1,4,New/Recent Customers
12963,31,1,365.8,2,1,3,Lost
12967,24,2,1660.9000000000003,4,4,5,Champions
12971,0,7,646.49,5,5,4,Champions
12980,24,1,889.32,4,1,5,New/Recent Customers
12989,30,1,202.5,3,1,2,Average/Potential
13000,30,1,201.75000000000003,3,1,2,Average/Potential
13004,23,1,357.00999999999993,4,1,3,New/Recent Customers
13011,38,1,50.550000000000004,1,1,1,Lost
13013,37,2,1528.3400000000006,1,4,5,At Risk
13021,24,1,157.35,4,1,1,New/Recent Customers
13027,20,1,1440.0,4,1,5,New/Recent Customers
13029,19,1,382.5,4,1,3,New/Recent Customers
13030,34,1,427.7400000000001,2,1,4,Lost
13033,23,1,190.55,4,1,2,New/Recent Customers
13034,35,1,165.86,1,1,1,Lost
13047,39,3,366.6300000000001,1,5,3,At Risk
13050,20,4,1199.8700000000006,4,5,5,Champions
13065,39,1,205.86,1,1,2,Lost
13069,0,5,985.0599999999997,5,5,5,Champions
13077,32,1,313.72,2,1,3,Lost
13078,25,2,881.1600000000001,3,4,5,Loyal Customers
13081,3,3,5894.419999999996,5,5,5,Champions
13082,4,1,379.44,5,1,3,New/Recent Customers
13089,3,11,7738.670000000002,5,5,5,Champions
13090,31,3,1008.4,2,5,5,At Risk
13092,25,1,185.45,3,1,2,Average/Potential
13093,3,4,5169.969999999998,5,5,5,Champions
13094,3,3,376.32,5,5,3,Champions
13097,3,2,1076.19,5,4,5,Champions
13102,0,3,975.1999999999999,5,5,5,Champions
13104,20,1,101.76,4,1,1,New/Recent Customers
13108,38,1,350.06,1,1,3,Lost
13113,32,1,372.96999999999997,2,1,3,Lost
13117,31,2,388.15,2,4,3,At Risk
13124,25,1,1256.32,3,1,5,Average/Potential
13126,4,3,547.3100000000001,5,5,4,Champions
13138,38,1,193.23,1,1,2,Lost
13140,32,1,159.51000000000002,2,1,1,Lost
13145,38,1,295.0,1,1,2,Lost
13148,30,1,309.4,3,1,3,Average/Potential
13155,34,1,379.7000000000001,2,1,3,Lost
13162,0,1,753.2599999999999,5,1,4,New/Recent Customers
13165,17,1,354.64,4,1,3,New/Recent Customers
13173,33,1,165.93999999999997,2,1,1,Lost
13174,35,1,1415.9700000000012,1,1,5,Lost
13178,26,1,710.0,3,1,4,Average/Potential
13183,0,1,625.04,5,1,4,New/Recent Customers
13187,3,1,236.01999999999995,5,1,2,New/Recent Customers
13198,27,1,384.55,3,1,3,Average/Potential
13199,4,3,911.24,5,5,5,Champions
13209,27,1,318.85,3,1,3,Average/Potential
13211,27,1,110.7,3,1,1,Average/Potential
13221,25,1,498.15999999999997,3,1,4,Average/Potential
13225,4,2,2470.44,5,4,5,Champions
13230,31,1,93.45,2,1,1,Lost
13233,2,1,304.24,5,1,3,New/Recent Customers
13238,26,1,91.15,3,1,1,Average/Potential
13240,31,1,224.07,2,1,2,Lost
13253,5,1,476.48,5,1,4,New/Recent Customers
13255,39,1,225.7,1,1,2,Lost
13267,26,2,622.3,3,4,4,Loyal Customers
13269,27,2,662.17,3,4,4,Loyal Customers
13270,32,1,590.0,2,1,4,Lost
13280,3,1,307.35,5,1,3,New/Recent Customers
13295,25,1,201.2,3,1,2,Average/Potential
13304,17,1,300.42,4,1,2,New/Recent Customers
13305,38,1,136.2,1,1,1,Lost
13313,5,1,307.29999999999995,5,1,3,New/Recent Customers
13317,24,2,238.05,4,4,2,Champions
13319,5,5,2061.9700000000007,5,5,5,Champions
13324,26,1,650.1,3,1,4,Average/Potential
13327,31,2,745.0000000000001,2,4,4,At Risk
13329,32,1,304.19999999999993,2,1,3,Lost
13368,3,1,35.400000000000006,5,1,1,New/Recent Customers
13369,31,1,308.28000000000003,2,1,3,Lost
13370,37,1,754.8700000000001,1,1,4,Lost
13397,5,1,299.92,5,1,2,New/Recent Customers
13402,38,1,308.28,1,1,3,Lost
13408,3,6,3335.399999999999,5,5,5,Champions
13418,25,5,1579.6199999999997,3,5,5,Loyal Customers
13426,2,2,639.4299999999998,5,4,4,Champions
13448,30,3,829.5400000000002,3,5,5,Loyal Customers
13455,32,1,692.94,2,1,4,Lost
13458,3,2,2675.0400000000004,5,4,5,Champions
13468,24,4,910.9999999999999,4,5,5,Champions
13487,19,1,193.14999999999998,4,1,2,New/Recent Customers
13488,33,1,1381.92,2,1,5,Lost
13491,25,2,196.40000000000003,3,4,2,Loyal Customers
13495,25,2,865.4300000000002,3,4,5,Loyal Customers
13496,25,1,501.01000000000005,3,1,4,Average/Potential
13497,34,1,153.5,2,1,1,Lost
13506,35,1,301.12,1,1,3,Lost
13520,37,1,303.4,1,1,3,Lost
13523,32,1,566.9499999999998,2,1,4,Lost
13531,32,1,305.45,2,1,3,Lost
13534,2,3,471.20000000000005,5,5,4,Champions
13564,20,2,1198.38,4,4,5,Champions
13565,0,1,110.17999999999999,5,1,1,New/Recent Customers
13569,33,1,118.32000000000001,2,1,1,Lost
13576,3,2,972.83,5,4,5,Champions
13579,35,1,164.70000000000005,1,1,1,Lost
13593,2,1,559.85,5,1,4,New/Recent Customers
13599,3,3,721.9799999999999,5,5,4,Champions
13611,25,1,303.15,3,1,3,Average/Potential
13627,23,1,311.19,4,1,3,New/Recent Customers
13629,4,1,660.0,5,1,4,New/Recent Customers
13649,32,1,197.80000000000004,2,1,2,Lost
13652,34,1,308.79999999999995,2,1,3,Lost
13656,3,1,162.70000000000007,5,1,1,New/Recent Customers
13668,0,2,386.21999999999997,5,4,3,Champions
13680,3,2,2391.5899999999992,5,4,5,Champions
13694,4,3,4076.6400000000012,5,5,5,Champions
13705,39,1,318.14000000000004,1,1,3,Lost
13715,4,4,941.8499999999999,5,5,5,Champions
13747,39,1,79.6,1,1,1,Lost
13748,39,1,204.0,1,1,2,Lost
13750,2,1,325.44,5,1,3,New/Recent Customers
13756,24,3,1004.4000000000001,4,5,5,Champions
13758,0,3,1141.25,5,5,5,Champions
13764,3,1,499.88999999999993,5,1,4,New/Recent Customers
13767,4,7,2609.7599999999998,5,5,5,Champions
13769,33,1,322.3,2,1,3,Lost
13777,17,10,6961.780000000001,4,5,5,Champions
13786,33,1,230.4,2,1,2,Lost
13787,30,1,106.4,3,1,1,Average/Potential
13798,2,5,6268.660000000001,5,5,5,Champions
13807,33,1,112.6,2,1,1,Lost
13817,17,1,128.70000000000002,4,1,1,New/Recent Customers
13831,35,1,408.0,1,1,4,Lost
13838,35,1,238.10999999999996,1,1,2,Lost
13842,2,2,613.5700000000002,5,4,4,Champions
13846,26,1,411.4000000000001,3,1,4,Average/Potential
13848,32,1,320.0,2,1,3,Lost
13854,23,2,609.44,4,4,4,Champions
13869,23,1,323.62,4,1,3,New/Recent Customers
13874,24,1,540.45,4,1,4,New/Recent Customers
13880,33,1,97.8,2,1,1,Lost
13890,24,1,190.35000000000002,4,1,2,New/Recent Customers
13922,17,1,172.25,4,1,1,New/Recent Customers
13941,38,1,1095.12,1,1,5,Lost
13948,26,1,102.0,3,1,1,Average/Potential
13953,18,1,500.0,4,1,4,New/Recent Customers
13959,28,1,214.74,3,1,2,Average/Potential
13963,5,2,366.71,5,4,3,Champions
13969,31,1,317.59,2,1,3,Lost
13982,31,1,428.6,2,1,4,Lost
13983,32,1,329.36,2,1,3,Lost
13984,32,1,154.8,2,1,1,Lost
13999,27,1,302.1000000000001,3,1,3,Average/Potential
14001,39,1,301.24,1,1,3,Lost
14016,23,1,753.7399999999999,4,1,4,New/Recent Customers
14030,32,2,676.5,2,4,4,At Risk
14031,3,4,3538.19,5,5,5,Champions
14032,21,2,619.4200000000002,4,4,4,Champions
14037,30,1,111.80000000000001,3,1,1,Average/Potential
14045,3,3,1251.75,5,5,5,Champions
14047,2,2,296.21999999999997,5,4,2,Champions
14051,20,3,1828.16,4,5,5,Champions
14057,26,2,925.9199999999998,3,4,5,Loyal Customers
14060,25,3,874.04,3,5,5,Loyal Customers
14062,20,3,1444.12,4,5,5,Champions
14078,39,1,136.23999999999998,1,1,1,Lost
14081,35,1,423.5199999999997,1,1,4,Lost
14082,30,1,182.25,3,1,2,Average/Potential
14083,20,3,459.88999999999976,4,5,4,Champions
14085,17,3,1190.2400000000002,4,5,5,Champions
14092,18,2,601.7299999999999,4,4,4,Champions
14099,20,1,383.52000000000004,4,1,3,New/Recent Customers
14107,30,1,363.24,3,1,3,Average/Potential
14113,20,1,433.5,4,1,4,New/Recent Customers
14135,3,5,1133.0500000000002,5,5,5,Champions
14142,39,1,311.81,1,1,3,Lost
14146,23,1,1241.4299999999998,4,1,5,New/Recent Customers
14150,25,1,306.17999999999995,3,1,3,Average/Potential
14156,37,1,322.2,1,1,3,Lost
14159,28,1,193.22000000000003,3,1,2,Average/Potential
14161,35,1,283.15,1,1,2,Lost
14176,33,1,159.55000000000004,2,1,1,Lost
14180,5,5,1180.8500000000001,5,5,5,Champions
14189,4,2,676.0400000000001,5,4,4,Champions
14201,25,1,67.24000000000001,3,1,1,Average/Potential
14210,5,2,668.61,5,4,4,Champions
14215,34,1,166.00000000000003,2,1,1,Lost
14217,2,2,220.79999999999998,5,4,2,Champions
14220,24,1,312.98,4,1,3,New/Recent Customers
14221,5,1,312.95,5,1,3,New/Recent Customers
14236,38,1,189.3,1,1,2,Lost
14237,39,1,161.0,1,1,1,Lost
14243,23,2,472.0000000000001,4,4,4,Champions
14256,30,1,523.86,3,1,4,Average/Potential
14258,3,1,3120.2200000000003,5,1,5,New/Recent Customers
14282,33,1,571.0,2,1,4,Lost
14290,27,1,777.5600000000001,3,1,4,Average/Potential
14293,34,1,364.91999999999996,2,1,3,Lost
14298,2,6,6119.359999999997,5,5,5,Champions
14299,3,2,1051.1399999999999,5,4,5,Champions
14307,39,1,783.11,1,1,5,Lost
14309,24,1,147.75,4,1,1,New/Recent Customers
14312,3,1,309.54999999999995,5,2,3,New/Recent Customers
14334,24,1,320.15,4,2,3,New/Recent Customers
14344,24,3,355.65000000000003,4,5,3,Champions
14355,31,1,174.4,2,2,1,Lost
14373,24,1,76.55,4,2,1,New/Recent Customers
14388,38,1,312.8,1,2,3,Lost
14390,38,1,223.7,1,2,2,Lost
14395,38,1,308.68,1,2,3,Lost
14396,37,1,110.35000000000007,1,2,1,Lost
14401,25,1,247.38000000000002,3,2,2,Average/Potential
14404,35,1,133.48000000000002,1,2,1,Lost
14409,34,2,328.80000000000007,2,4,3,At Risk
14413,28,1,122.70000000000002,3,2,1,Average/Potential
14414,24,1,217.2,4,2,2,New/Recent Customers
14415,26,1,875.1800000000004,3,2,5,Average/Potential
14419,30,1,124.1,3,2,1,Average/Potential
14437,31,1,63.0,2,2,1,Lost
14440,31,1,656.6999999999999,2,2,4,Lost
14443,34,1,303.50000000000006,2,2,3,Lost
14448,30,1,102.35000000000001,3,2,1,Average/Potential
14449,38,1,210.24,1,2,2,Lost
14462,5,1,109.3,5,2,1,New/Recent Customers
14466,38,1,379.75000000000006,1,2,3,Lost
14472,0,2,614.1399999999998,5,4,4,Champions
14479,31,1,174.40000000000003,2,2,1,Lost
14487,34,1,125.10000000000001,2,2,1,Lost
14491,38,1,127.2,1,2,1,Lost
14496,39,1,304.34000000000003,1,2,3,Lost
14498,27,1,166.22,3,2,1,Average/Potential
14505,3,2,1367.4100000000014,5,4,5,Champions
14506,35,1,269.69999999999993,1,2,2,Lost
14524,26,1,275.44999999999993,3,2,2,Average/Potential
14525,27,1,462.30000000000007,3,2,4,Average/Potential
14527,4,5,1155.240000000001,5,5,5,Champions
14532,18,1,222.6,4,2,2,New/Recent Customers
14533,18,1,433.50000000000006,4,2,4,New/Recent Customers
14543,30,1,254.4,3,2,2,Average/Potential
14544,27,1,1121.9200000000003,3,2,5,Average/Potential
14553,5,1,201.94,5,2,2,New/Recent Customers
14560,23,1,408.16999999999996,4,2,4,New/Recent Customers
14565,27,1,1167.4100000000005,3,2,5,Average/Potential
14573,38,1,413.0999999999998,1,2,4,Lost
14576,38,1,35.400000000000006,1,2,1,Lost
14577,28,1,346.8999999999999,3,2,3,Average/Potential
14589,37,1,39.75,1,2,1,Lost
14594,39,1,255.0,1,2,2,Lost
14606,0,10,1815.8200000000018,5,5,5,Champions
14608,28,1,204.0,3,2,2,Average/Potential
14618,3,1,211.8,5,2,2,New/Recent Customers
14621,24,1,305.7,4,2,3,New/Recent Customers
14625,27,1,585.5300000000001,3,2,4,Average/Potential
14639,27,1,676.5400000000002,3,2,4,Average/Potential
14643,24,1,357.94000000000005,4,2,3,New/Recent Customers
14646,19,2,8591.879999999997,4,4,5,Champions
14653,4,1,344.81000000000006,5,2,3,New/Recent Customers
14667,26,5,1998.1000000000001,3,5,5,Loyal Customers
14672,2,1,285.28000000000003,5,2,2,New/Recent Customers
14673,33,1,373.49,2,2,3,Lost
14680,3,3,4395.509999999999,5,5,5,Champions
14684,28,1,168.35999999999999,3,2,1,Average/Potential
14688,39,1,444.97999999999996,1,2,4,Lost
14696,39,1,294.62,1,2,2,Lost
14702,0,3,778.0500000000002,5,5,4,Champions
14708,34,1,419.06000000000006,2,2,4,Lost
14709,24,1,314.1,4,2,3,New/Recent Customers
14713,24,2,425.84999999999997,4,4,4,Champions
14723,24,3,470.99999999999966,4,5,4,Champions
14729,39,1,313.49,1,2,3,Lost
14732,5,1,203.1,5,2,2,New/Recent Customers
14733,20,3,4357.219999999998,4,5,5,Champions
14735,24,1,252.2,4,2,2,New/Recent Customers
14737,19,1,434.0,4,2,4,New/Recent Customers
14739,4,2,943.4400000000002,5,4,5,Champions
14741,27,2,495.2999999999999,3,4,4,Loyal Customers
14744,32,1,225.0,2,2,2,Lost
14748,34,2,470.41999999999996,2,4,4,At Risk
14755,0,1,488.4600000000001,5,2,4,New/Recent Customers
14761,0,1,97.5,5,2,1,New/Recent Customers
14766,32,1,180.4,2,2,2,Lost
14769,23,1,347.01,4,2,3,New/Recent Customers
14775,38,1,406.56,1,2,3,Lost
14796,27,2,1028.8200000000002,3,4,5,Loyal Customers
14800,0,3,1757.8400000000004,5,5,5,Champions
14810,0,2,326.99,5,4,3,Champions
14813,35,2,155.43000000000004,1,4,1,At Risk
14821,32,1,48.800000000000004,2,2,1,Lost
14825,24,2,396.43000000000006,4,4,3,Champions
14828,2,1,582.0,5,2,4,New/Recent Customers
14829,26,2,385.33000000000015,3,4,3,Loyal Customers
14841,24,1,395.15999999999997,4,2,3,New/Recent Customers
14849,24,5,566.8899999999999,4,5,4,Champions
14865,38,1,37.2,1,2,1,Lost
14866,32,1,103.67999999999999,2,2,1,Lost
14867,2,1,300.74,5,2,2,New/Recent Customers
14871,26,1,140.40000000000003,3,2,1,Average/Potential
14878,24,1,322.01000000000005,4,2,3,New/Recent Customers
14889,2,1,135.9,5,2,1,New/Recent Customers
14896,31,1,257.22,2,2,2,Lost
14898,37,1,98.5,1,2,1,Lost
14901,26,3,497.04999999999995,3,5,4,Loyal Customers
14907,26,3,960.69,3,5,5,Loyal Customers
14911,17,13,7737.940000000001,4,5,5,Champions
14913,25,1,300.87,3,2,2,Average/Potential
14932,31,1,363.53,2,2,3,Lost
14952,30,1,686.16,3,2,4,Average/Potential
14961,26,2,1182.7,3,4,5,Loyal Customers
14985,24,1,124.51,4,2,1,New/Recent Customers
14987,31,1,163.2,2,2,1,Lost
15002,4,2,893.1500000000002,5,4,5,Champions
15005,0,3,611.4600000000002,5,5,4,Champions
15012,39,1,191.05999999999997,1,2,2,Lost
15018,33,1,111.25000000000001,2,2,1,Lost
15021,32,1,205.63999999999996,2,2,2,Lost
15023,35,1,460.5999999999999,1,2,4,Lost
15024,33,2,491.2199999999999,2,4,4,At Risk
15028,34,1,185.97000000000003,2,2,2,Lost
15032,32,2,2770.6,2,4,5,At Risk
15034,4,2,1426.3500000000001,5,4,5,Champions
15038,35,1,126.43000000000004,1,2,1,Lost
15039,5,4,2136.220000000001,5,5,5,Champions
15044,18,4,2139.15,4,5,5,Champions
15046,4,1,511.94999999999993,5,2,4,New/Recent Customers
15048,34,1,98.70000000000002,2,2,1,Lost
15059,0,1,182.77999999999997,5,2,2,New/Recent Customers
15061,25,12,19950.66,3,5,5,Loyal Customers
15062,25,1,209.07999999999998,3,2,2,Average/Potential
15070,38,1,106.2,1,2,1,Lost
15078,20,4,818.65,4,5,5,Champions
15079,31,1,141.95,2,2,1,Lost
15081,33,1,111.15,2,2,1,Lost
15093,4,2,1844.1299999999999,5,4,5,Champions
15100,32,2,700.8,2,4,4,At Risk
15101,25,1,102.28,3,2,1,Average/Potential
15107,26,2,177.05,3,4,2,Loyal Customers
15111,38,1,288.49999999999994,1,2,2,Lost
15139,2,1,122.10000000000001,5,2,1,New/Recent Customers
15157,24,1,1085.4599999999996,4,2,5,New/Recent Customers
15159,27,2,1860.9800000000005,3,4,5,Loyal Customers
15160,23,1,158.16,4,2,1,New/Recent Customers
15164,5,1,173.39000000000001,5,2,1,New/Recent Customers
15165,39,1,487.7499999999999,1,2,4,Lost
15180,33,1,87.49999999999999,2,2,1,Lost
15192,31,1,314.99999999999994,2,2,3,Lost
15194,2,4,1890.54,5,5,5,Champions
15197,24,1,556.5,4,2,4,New/Recent Customers
15204,23,1,316.58,4,2,3,New/Recent Customers
15208,19,1,65.4,4,2,1,New/Recent Customers
15211,31,1,383.07000000000005,2,2,3,Lost
15221,32,1,403.25,2,2,3,Lost
15224,24,2,322.08,4,4,3,Champions
15235,4,4,807.2900000000003,5,5,5,Champions
15246,24,1,186.0,4,2,2,New/Recent Customers
15260,38,2,420.4999999999999,1,4,4,At Risk
15266,4,1,119.3,5,2,1,New/Recent Customers
15271,3,2,364.84999999999997,5,4,3,Champions
15279,20,1,290.51,4,2,2,New/Recent Customers
15288,31,1,165.65000000000003,2,2,1,Lost
15290,25,1,219.6,3,2,2,Average/Potential
15291,23,2,648.9000000000001,4,4,4,Champions
15298,4,2,703.3399999999999,5,4,4,Champions
15299,38,3,1835.0100000000002,1,5,5,At Risk
15301,34,1,673.37,2,2,4,Lost
15304,34,1,123.15,2,2,1,Lost
15311,2,11,3963.4699999999984,5,5,5,Champions
15312,20,1,289.74,4,2,2,New/Recent Customers
15332,32,4,1661.0600000000004,2,5,5,At Risk
15347,32,1,201.59999999999997,2,2,2,Lost
15350,39,1,115.65,1,2,1,Lost
15351,35,1,274.6699999999999,1,2,2,Lost
15353,33,1,311.65,2,2,3,Lost
15356,26,2,365.53999999999985,3,4,3,Loyal Customers
15358,4,3,1278.41,5,5,5,Champions
15361,27,1,418.92,3,2,4,Average/Potential
15363,38,1,326.0,1,2,3,Lost
15366,24,1,105.54,4,2,1,New/Recent Customers
15373,25,2,537.0999999999999,3,4,4,Loyal Customers
15379,3,2,2151.610000000001,5,4,5,Champions
15380,31,1,230.10000000000002,2,2,2,Lost
15384,25,1,303.57000000000005,3,2,3,Average/Potential
15392,26,1,338.98,3,2,3,Average/Potential
15394,24,1,587.66,4,2,4,New/Recent Customers
15426,35,1,411.41999999999996,1,2,4,Lost
15454,28,1,179.1,3,2,2,Average/Potential
15456,25,1,243.22000000000003,3,2,2,Average/Potential
15460,20,1,216.75999999999988,4,2,2,New/Recent Customers
15464,4,1,1048.8500000000006,5,2,5,New/Recent Customers
15465,0,3,1258.1499999999999,5,5,5,Champions
15482,24,2,723.64,4,4,4,Champions
15485,2,2,1278.6299999999997,5,4,5,Champions
15498,4,3,1220.12,5,5,5,Champions
15502,34,3,929.4000000000001,2,5,5,At Risk
15503,28,1,147.09,3,2,1,Average/Potential
15512,25,1,101.2,3,2,1,Average/Potential
15513,31,2,1313.5,2,4,5,At Risk
15514,26,4,1884.7100000000003,3,5,5,Loyal Customers
15525,39,1,313.92999999999995,1,2,3,Lost
15527,20,1,221.40000000000003,4,2,2,New/Recent Customers
15529,30,2,321.46000000000004,3,4,3,Loyal Customers
15532,24,1,356.3500000000001,4,2,3,New/Recent Customers
15544,38,1,354.54,1,2,3,Lost
15545,37,1,135.33000000000004,1,2,1,Lost
15547,28,1,767.37,3,2,4,Average/Potential
15555,27,3,989.8199999999999,3,5,5,Loyal Customers
15562,17,1,134.55,4,2,1,New/Recent Customers
15563,24,1,270.19000000000005,4,2,2,New/Recent Customers
15570,23,3,1064.6400000000003,4,5,5,Champions
15574,24,3,590.1500000000001,4,5,4,Champions
15581,19,4,325.9600000000001,4,5,3,Champions
15587,17,1,344.88,4,2,3,New/Recent Customers
15596,31,1,402.31999999999994,2,2,3,Lost
15601,2,3,1924.8999999999987,5,5,5,Champions
15602,26,2,152.55,3,4,1,Loyal Customers
15605,39,1,194.85,1,2,2,Lost
15607,2,1,104.76,5,2,1,New/Recent Customers
15611,0,1,104.25,5,2,1,New/Recent Customers
15615,25,3,1081.19,3,5,5,Loyal Customers
15620,24,1,424.48999999999995,4,2,4,New/Recent Customers
15628,32,1,319.18,2,2,3,Lost
15640,21,3,2766.69,4,5,5,Champions
15641,25,1,308.37000000000006,3,2,3,Average/Potential
15646,38,1,189.8,1,2,2,Lost
15649,2,2,816.0,5,4,5,Champions
15658,38,1,306.20000000000005,1,2,3,Lost
15660,31,1,209.29999999999998,2,2,2,Lost
15661,4,1,116.0,5,2,1,New/Recent Customers
15680,32,1,478.88999999999993,2,2,4,Lost
15689,27,1,103.5,3,2,1,Average/Potential
15694,26,3,847.3299999999999,3,5,5,Loyal Customers
15708,0,2,782.4499999999998,5,4,5,Champions
15713,32,1,171.15,2,2,1,Lost
15716,35,1,547.0999999999999,1,2,4,Lost
15719,3,1,433.03999999999985,5,2,4,New/Recent Customers
15723,30,1,203.1,3,2,2,Average/Potential
15727,25,1,1536.8500000000004,3,2,5,Average/Potential
15732,38,1,138.1,1,2,1,Lost
15738,38,1,329.65,1,2,3,Lost
15750,32,2,340.52000000000004,2,4,3,At Risk
15752,38,1,259.65000000000003,1,2,2,Lost
15759,24,1,97.24000000000001,4,2,1,New/Recent Customers
15769,2,3,5636.280000000001,5,5,5,Champions
15777,27,1,365.55,3,2,3,Average/Potential
15780,23,1,177.15,4,2,2,New/Recent Customers
15789,24,1,351.29999999999995,4,2,3,New/Recent Customers
15799,0,1,312.27,5,2,3,New/Recent Customers
15805,30,1,370.80000000000007,3,2,3,Average/Potential
15808,5,3,2983.769999999999,5,5,5,Champions
15811,23,2,438.8,4,4,4,Champions
15822,25,1,440.20000000000005,3,2,4,Average/Potential
15823,38,1,15.0,1,2,1,Lost
15827,38,2,190.92999999999998,1,4,2,At Risk
15838,33,1,957.5,2,2,5,Lost
15841,4,1,331.6,5,2,3,New/Recent Customers
15845,3,1,303.36,5,2,3,New/Recent Customers
15854,27,1,230.10000000000002,3,2,2,Average/Potential
15856,17,3,3281.309999999999,4,5,5,Champions
15858,33,1,383.92999999999995,2,2,3,Lost
15860,34,1,102.66000000000001,2,2,1,Lost
15862,39,1,354.23,1,2,3,Lost
15867,20,3,557.22,4,5,4,Champions
15880,35,1,343.28,1,2,3,Lost
15881,27,2,155.25,3,4,1,Loyal Customers
15882,34,2,371.32000000000005,2,4,3,At Risk
15889,35,1,297.91999999999996,1,2,2,Lost
15894,35,1,156.74,1,2,1,Lost
15898,33,2,521.6899999999999,2,4,4,At Risk
15899,34,1,56.25,2,2,1,Lost
15916,32,2,232.45000000000002,2,4,2,At Risk
15919,34,1,270.71999999999986,2,2,2,Lost
15922,39,1,369.50000000000006,1,2,3,Lost
15923,38,1,127.08000000000001,1,2,1,Lost
15945,31,1,181.0,2,2,2,Lost
15950,25,1,428.82,3,2,4,Average/Potential
15953,35,1,209.84,1,2,2,Lost
15955,38,1,572.38,1,2,4,Lost
15965,33,1,156.19000000000003,2,2,1,Lost
15973,32,1,307.82,2,2,3,Lost
15983,26,3,1148.27,3,5,5,Loyal Customers
15984,4,2,230.59,5,4,2,Champions
15987,34,1,113.48,2,2,1,Lost
15996,32,1,263.25,2,2,2,Lost
15998,28,1,863.3900000000003,3,2,5,Average/Potential
16003,25,1,1181.0000000000005,3,3,5,Loyal Customers
16010,28,1,110.1,3,3,1,Loyal Customers
16011,28,2,406.1000000000001,3,4,3,Loyal Customers
16013,2,7,4408.1,5,5,5,Champions
16016,32,1,382.26999999999987,2,3,3,Average/Potential
16019,2,2,723.3500000000001,5,4,4,Champions
16029,5,7,13202.520000000002,5,5,5,Champions
16033,4,3,790.8300000000004,5,5,5,Champions
16037,24,1,300.46000000000004,4,3,2,Loyal Customers
16048,39,2,256.44,1,4,2,At Risk
16059,33,1,118.25,2,3,1,Average/Potential
16062,30,1,247.56,3,3,2,Loyal Customers
16065,31,1,372.09,2,3,3,Average/Potential
16081,32,1,157.60000000000002,2,3,1,Average/Potential
16083,26,1,337.98,3,3,3,Loyal Customers
16086,33,1,177.26,2,3,2,Average/Potential
16098,39,1,430.59999999999997,1,3,4,Average/Potential
16112,4,1,72.0,5,3,1,Loyal Customers
16122,32,1,105.72000000000001,2,3,1,Average/Potential
16125,33,1,289.35,2,3,2,Average/Potential
16134,25,1,283.53,3,3,2,Loyal Customers
16140,37,1,124.14000000000001,1,3,1,Average/Potential
16143,20,2,811.35,4,4,5,Champions
16145,4,2,668.84,5,4,4,Champions
16150,38,1,393.41999999999996,1,3,3,Average/Potential
16153,20,1,215.01,4,3,2,Loyal Customers
16161,25,3,576.2999999999998,3,5,4,Loyal Customers
16163,31,1,441.6,2,3,4,Average/Potential
16168,35,1,275.8,1,3,2,Average/Potential
16186,38,1,307.68000000000006,1,3,3,Average/Potential
16191,2,4,1475.22,5,5,5,Champions
16202,26,1,365.2700000000001,3,3,3,Loyal Customers
16203,38,1,170.7,1,3,1,Average/Potential
16210,24,4,7000.64,4,5,5,Champions
16218,39,1,471.2999999999999,1,3,4,Average/Potential
16221,33,1,166.74,2,3,1,Average/Potential
16233,32,1,147.39999999999998,2,3,1,Average/Potential
16241,5,2,438.0299999999999,5,4,4,Champions
16244,38,1,1056.63,1,3,5,Average/Potential
16250,39,1,226.14,1,3,2,Average/Potential
16255,5,2,673.85,5,4,4,Champions
16265,30,2,840.8099999999998,3,4,5,Loyal Customers
16270,19,1,1141.2400000000002,4,3,5,Loyal Customers
16271,24,1,133.22,4,3,1,Loyal Customers
16274,39,1,357.95,1,3,3,Average/Potential
16282,5,1,168.3,5,3,1,Loyal Customers
16293,33,1,378.75,2,3,3,Average/Potential
16306,3,2,243.24999999999997,5,4,2,Champions
16316,24,1,308.21999999999997,4,3,3,Loyal Customers
16326,0,1,267.20000000000005,5,3,2,Loyal Customers
16327,35,1,535.6000000000003,1,3,4,Average/Potential
16353,4,5,612.0,5,5,4,Champions
16365,25,2,368.46,3,4,3,Loyal Customers
16367,28,1,170.91000000000003,3,3,1,Loyal Customers
16385,32,1,148.23000000000002,2,3,1,Average/Potential
16393,28,2,291.55,3,4,2,Loyal Customers
16402,35,1,211.7999999999999,1,3,2,Average/Potential
16411,35,1,131.5,1,3,1,Average/Potential
16422,3,4,2432.0900000000006,5,5,5,Champions
16442,26,1,151.65999999999997,3,3,1,Loyal Customers
16455,27,3,531.98,3,5,4,Loyal Customers
16456,39,1,787.4,1,3,5,Average/Potential
16458,26,1,193.9,3,3,2,Loyal Customers
16470,24,1,216.33999999999997,4,3,2,Loyal Customers
16473,2,1,149.41000000000003,5,3,1,Loyal Customers
16477,18,2,544.4,4,4,4,Champions
16499,26,2,365.45,3,4,3,Loyal Customers
16503,26,1,488.0899999999999,3,3,4,Loyal Customers
16510,38,1,248.10000000000002,1,3,2,Average/Potential
16519,31,1,103.7,2,3,1,Average/Potential
16520,31,1,325.75999999999993,2,3,3,Average/Potential
16525,24,2,802.4400000000002,4,4,5,Champions
16531,26,1,92.82000000000001,3,3,1,Loyal Customers
16532,4,1,1910.4,5,3,5,Loyal Customers
16539,24,2,747.2499999999999,4,4,4,Champions
16546,38,1,299.40000000000003,1,3,2,Average/Potential
16549,0,1,119.49000000000002,5,3,1,Loyal Customers
16550,34,1,554.66,2,3,4,Average/Potential
16551,2,1,311.07000000000005,5,3,3,Loyal Customers
16552,39,1,95.29,1,3,1,Average/Potential
16553,26,2,1609.44,3,4,5,Loyal Customers
16556,26,1,310.84999999999997,3,3,3,Loyal Customers
16558,23,2,880.5500000000001,4,4,5,Champions
16560,24,1,332.18,4,3,3,Loyal Customers
16565,30,1,173.7,3,3,1,Loyal Customers
16567,2,1,557.56,5,3,4,Loyal Customers
16583,39,1,233.45000000000002,1,3,2,Average/Potential
16596,32,1,120.65,2,3,1,Average/Potential
16600,4,1,125.86,5,3,1,Loyal Customers
16607,23,2,654.8199999999999,4,4,4,Champions
16634,38,1,164.8,1,3,1,Average/Potential
16638,25,2,70.80000000000001,3,4,1,Loyal Customers
16654,34,1,227.4,2,3,2,Average/Potential
16656,5,2,739.04,5,4,4,Champions
16658,34,1,123.24000000000001,2,3,1,Average/Potential
16665,28,1,135.4,3,3,1,Loyal Customers
16670,24,1,403.60999999999996,4,3,3,Loyal Customers
16676,3,1,464.8200000000001,5,3,4,Loyal Customers
16679,32,1,129.75,2,3,1,Average/Potential
16684,20,4,3113.3999999999996,4,5,5,Champions
16686,21,1,364.9799999999997,4,3,3,Loyal Customers
16700,32,1,336.94000000000005,2,3,3,Average/Potential
16701,27,1,476.76,3,3,4,Loyal Customers
16705,24,2,1131.7199999999998,4,4,5,Champions
16710,26,2,524.97,3,4,4,Loyal Customers
16711,23,1,214.20000000000002,4,3,2,Loyal Customers
16713,20,2,758.5399999999995,4,4,4,Champions
16717,32,1,307.25,2,3,3,Average/Potential
16718,35,1,623.7500000000001,1,3,4,Average/Potential
16719,4,2,583.1800000000002,5,4,4,Champions
16722,32,2,799.5200000000001,2,4,5,At Risk
16725,5,4,439.4999999999997,5,5,4,Champions
16726,27,1,129.57000000000002,3,3,1,Loyal Customers
16727,30,1,272.81999999999994,3,3,2,Loyal Customers
16735,0,1,660.3600000000004,5,3,4,Loyal Customers
16743,24,1,430.2800000000001,4,3,4,Loyal Customers
16746,24,1,311.64,4,3,3,Loyal Customers
16748,0,1,479.0,5,3,4,Loyal Customers
16752,38,1,207.5,1,3,2,Average/Potential
16754,38,1,2002.4,1,3,5,Average/Potential
16770,24,2,262.20000000000005,4,5,2,Champions
16771,4,1,296.65999999999997,5,3,2,Loyal Customers
16775,33,1,231.90000000000003,2,3,2,Average/Potential
16779,2,3,1122.7800000000002,5,5,5,Champions
16781,38,1,311.25000000000006,1,3,3,Average/Potential
16782,25,2,577.9899999999997,3,5,4,Loyal Customers
16795,31,1,414.88,2,3,4,Average/Potential
16805,26,1,214.76999999999998,3,3,2,Loyal Customers
16812,26,1,479.35,3,3,4,Loyal Customers
16814,5,2,917.42,5,5,5,Champions
16816,24,1,75.78,4,3,1,Loyal Customers
16817,25,2,367.3,3,5,3,Loyal Customers
16833,0,1,309.47999999999996,5,3,3,Loyal Customers
16835,39,1,81.75,1,3,1,Average/Potential
16839,2,2,979.71,5,5,5,Champions
16858,34,1,375.69,2,3,3,Average/Potential
16863,32,1,164.25000000000003,2,3,1,Average/Potential
16873,30,1,2157.6400000000003,3,3,5,Loyal Customers
16875,5,1,368.7999999999999,5,3,3,Loyal Customers
16883,37,1,128.03,1,3,1,Average/Potential
16885,23,1,190.64999999999995,4,3,2,Loyal Customers
16889,2,1,523.0500000000001,5,3,4,Loyal Customers
16891,37,1,232.25999999999988,1,3,2,Average/Potential
16893,32,1,145.93,2,3,1,Average/Potential
16898,34,1,116.08000000000001,2,3,1,Average/Potential
16899,26,1,170.55,3,3,1,Loyal Customers
16904,33,2,338.70000000000005,2,5,3,At Risk
16905,37,1,254.39999999999998,1,3,2,Average/Potential
16907,31,1,182.01999999999992,2,3,2,Average/Potential
16916,38,1,198.08,1,3,2,Average/Potential
16919,26,2,540.0099999999999,3,5,4,Loyal Customers
16923,0,2,915.6999999999998,5,5,5,Champions
16926,37,1,230.25,1,3,2,Average/Potential
16927,27,1,218.1,3,3,2,Loyal Customers
16928,39,1,116.25,1,3,1,Average/Potential
16931,23,2,364.6599999999999,4,5,3,Champions
16945,24,1,279.85,4,3,2,Loyal Customers
16950,33,1,172.0,2,3,1,Average/Potential
16954,25,1,346.79999999999995,3,3,3,Loyal Customers
16955,2,3,354.9799999999999,5,5,3,Champions
16983,35,1,163.49,1,3,1,Average/Potential
16985,24,1,933.32,4,3,5,Loyal Customers
16996,19,2,127.54000000000002,4,5,1,Champions
17001,24,1,397.96000000000004,4,3,3,Loyal Customers
17007,23,2,207.12000000000006,4,5,2,Champions
17017,26,5,2357.6399999999994,3,5,5,Loyal Customers
17019,34,1,358.8199999999999,2,3,3,Average/Potential
17025,39,2,160.97,1,5,1,At Risk
17026,35,1,33.15,1,3,1,Average/Potential
17033,25,1,307.79999999999995,3,3,3,Loyal Customers
17041,26,1,304.50000000000006,3,3,3,Loyal Customers
17059,35,1,722.3599999999999,1,3,4,Average/Potential
17062,24,3,435.72999999999985,4,5,4,Champions
17068,24,2,297.44999999999993,4,5,2,Champions
17069,20,2,583.2,4,5,4,Champions
17076,30,1,151.5,3,3,1,Loyal Customers
17085,20,2,740.4399999999999,4,5,4,Champions
17090,20,1,61.199999999999996,4,3,1,Loyal Customers
17091,33,1,293.45,2,3,2,Average/Potential
17095,0,1,313.1499999999999,5,3,3,Loyal Customers
17097,31,1,174.72000000000006,2,3,2,Average/Potential
17114,0,1,142.24,5,3,1,Loyal Customers
17126,28,1,212.60000000000002,3,3,2,Loyal Customers
17128,0,1,157.09000000000003,5,3,1,Loyal Customers
17135,37,1,215.57999999999998,1,3,2,Average/Potential
17146,24,1,298.25,4,3,2,Loyal Customers
17158,26,1,413.78999999999996,3,3,4,Loyal Customers
17179,27,1,243.0,3,3,2,Loyal Customers
17181,39,1,155.52,1,3,1,Average/Potential
17188,5,2,902.36,5,5,5,Champions
17189,25,1,227.21999999999997,3,3,2,Loyal Customers
17191,34,3,510.10999999999996,2,5,4,At Risk
17194,26,1,252.61999999999992,3,3,2,Loyal Customers
17198,31,2,521.66,2,5,4,At Risk
17211,19,3,779.7100000000006,4,5,4,Champions
17213,19,2,615.85,4,5,4,Champions
17214,25,1,171.05,3,3,1,Loyal Customers
17218,0,4,775.6300000000003,5,5,4,Champions
17220,30,1,317.5,3,3,3,Loyal Customers
17223,34,1,292.84,2,3,2,Average/Potential
17227,34,1,142.24999999999997,2,3,1,Average/Potential
17228,33,2,355.95,2,5,3,At Risk
17230,20,6,2760.0099999999998,4,5,5,Champions
17231,27,1,232.01,3,3,2,Loyal Customers
17235,38,1,341.90000000000003,1,3,3,Average/Potential
17236,28,1,126.28,3,3,1,Loyal Customers
17238,37,2,370.0899999999999,1,5,3,At Risk
17243,0,4,1123.8500000000001,5,5,5,Champions
17251,28,1,283.2799999999999,3,3,2,Loyal Customers
17259,34,1,381.63999999999993,2,3,3,Average/Potential
17262,32,1,268.86,2,3,2,Average/Potential
17284,2,1,716.1099999999997,5,3,4,Loyal Customers
17287,33,2,222.7,2,5,2,At Risk
17288,24,1,133.56,4,3,1,Loyal Customers
17293,27,1,346.14,3,3,3,Loyal Customers
17303,27,1,250.04000000000002,3,3,2,Loyal Customers
17306,19,1,324.0,4,3,3,Loyal Customers
17315,5,2,299.47999999999996,5,5,2,Champions
17320,34,1,450.91999999999996,2,3,4,Average/Potential
17324,32,1,127.05000000000001,2,3,1,Average/Potential
17338,27,1,767.5999999999999,3,3,4,Loyal Customers
17339,31,1,60.0,2,3,1,Average/Potential
17340,20,2,4360.3899999999985,4,5,5,Champions
17341,32,1,513.5999999999999,2,3,4,Average/Potential
17343,21,1,193.64,4,3,2,Loyal Customers
17346,25,2,247.83999999999992,3,5,2,Loyal Customers
17358,21,1,246.69999999999996,4,3,2,Loyal Customers
17368,3,1,563.15,5,3,4,Loyal Customers
17371,27,1,97.63,3,3,1,Loyal Customers
17372,26,2,370.7800000000002,3,5,3,Loyal Customers
17375,27,1,109.71000000000001,3,3,1,Loyal Customers
17377,23,3,785.0799999999997,4,5,5,Champions
17381,34,3,3603.72,2,5,5,At Risk
17392,24,1,312.40999999999997,4,3,3,Loyal Customers
17396,37,1,397.5,1,3,3,Average/Potential
17400,19,1,424.17,4,3,4,Loyal Customers
17402,35,2,459.97,1,5,4,At Risk
17404,23,2,3834.2999999999997,4,5,5,Champions
17406,32,1,702.1,2,3,4,Average/Potential
17412,24,2,447.76000000000005,4,5,4,Champions
17419,33,2,374.27,2,5,3,At Risk
17420,39,1,130.85,1,3,1,Average/Potential
17428,5,3,1216.9900000000005,5,5,5,Champions
17430,31,1,112.6,2,3,1,Average/Potential
17449,25,1,684.2600000000002,3,3,4,Loyal Customers
17450,33,2,2028.84,2,5,5,At Risk
17454,25,1,165.85,3,3,1,Loyal Customers
17456,31,1,249.85999999999996,2,3,2,Average/Potential
17457,5,1,385.79999999999995,5,3,3,Loyal Customers
17460,38,2,70.30000000000001,1,5,1,At Risk
17470,33,1,178.4,2,3,2,Average/Potential
17491,33,1,327.4,2,3,3,Average/Potential
17496,24,1,271.04999999999995,4,3,2,Loyal Customers
17511,4,4,10573.220000000001,5,5,5,Champions
17519,34,1,335.30000000000007,2,3,3,Average/Potential
17524,27,1,145.0,3,3,1,Loyal Customers
17525,25,1,422.70000000000005,3,3,4,Loyal Customers
17526,26,2,238.6,3,5,2,Loyal Customers
17530,31,1,300.63999999999993,2,3,2,Average/Potential
17551,25,1,306.84000000000003,3,3,3,Loyal Customers
17552,38,2,298.52,1,5,2,At Risk
17555,0,1,195.44999999999996,5,3,2,Loyal Customers
17567,38,1,517.95,1,3,4,Average/Potential
17572,39,1,70.80000000000001,1,3,1,Average/Potential
17576,27,2,297.0,3,5,2,Loyal Customers
17580,24,1,46.85,4,3,1,Loyal Customers
17581,38,2,786.7800000000002,1,5,5,At Risk
17585,4,1,417.81,5,3,4,Loyal Customers
17591,33,1,406.59999999999985,2,3,4,Average/Potential
17593,18,1,662.9,4,3,4,Loyal Customers
17596,34,1,392.61999999999983,2,3,3,Average/Potential
17611,27,1,244.18999999999988,3,3,2,Loyal Customers
17616,33,1,326.4,2,3,3,Average/Potential
17618,28,1,320.2799999999999,3,3,3,Loyal Customers
17621,20,1,239.4,4,3,2,Loyal Customers
17629,25,1,238.64999999999998,3,3,2,Loyal Customers
17634,3,1,785.6500000000003,5,3,5,Loyal Customers
17643,39,1,101.55000000000001,1,3,1,Average/Potential
17646,31,1,251.00000000000003,2,4,2,At Risk
17655,32,1,676.1,2,4,4,At Risk
17659,24,2,359.95,4,5,3,Champions
17671,31,1,394.17999999999995,2,4,3,At Risk
17674,34,1,300.6600000000001,2,4,2,At Risk
17675,4,3,1988.4800000000002,5,5,5,Champions
17676,32,1,300.70000000000005,2,4,2,At Risk
17677,32,4,1616.6000000000004,2,5,5,At Risk
17682,34,1,391.5,2,4,3,At Risk
17685,26,2,463.02,3,5,4,Loyal Customers
17690,30,4,687.9000000000001,3,5,4,Loyal Customers
17691,24,2,290.4,4,5,2,Champions
17692,25,1,343.25999999999993,3,4,3,Loyal Customers
17696,30,2,175.6,3,5,2,Loyal Customers
17706,32,3,477.83000000000004,2,5,4,At Risk
17707,2,1,83.7,5,4,1,Champions
17720,33,1,102.0,2,4,1,At Risk
17722,32,1,910.14,2,4,5,At Risk
17732,38,1,303.97,1,4,3,At Risk
17735,33,1,454.59999999999997,2,4,4,At Risk
17739,26,1,360.06,3,4,3,Loyal Customers
17744,24,1,377.52,4,4,3,Champions
17752,25,1,80.64,3,4,1,Loyal Customers
17757,0,5,711.3000000000001,5,5,4,Champions
17760,39,1,172.54,1,4,1,At Risk
17787,37,1,736.28,1,4,4,At Risk
17790,23,5,399.55000000000007,4,5,3,Champions
17796,0,2,396.9,5,5,3,Champions
17799,27,1,223.48000000000002,3,4,2,Loyal Customers
17800,0,1,136.05,5,4,1,Champions
17802,38,1,100.19999999999999,1,4,1,At Risk
17809,37,3,1251.4999999999998,1,5,5,At Risk
17812,34,1,217.54999999999998,2,4,2,At Risk
17816,31,1,16.209999999999997,2,4,1,At Risk
17819,28,2,980.1199999999999,3,5,5,Loyal Customers
17827,30,3,1271.7999999999988,3,5,5,Loyal Customers
17838,31,2,935.56,2,5,5,At Risk
17841,0,8,3269.0599999999927,5,5,5,Champions
17848,24,1,97.3,4,4,1,Champions
17850,38,34,5391.210000000008,1,5,5,At Risk
17855,38,1,208.97,1,4,2,At Risk
17857,24,2,1340.7,4,5,5,Champions
17858,25,2,1556.8500000000001,3,5,5,Loyal Customers
17860,34,1,252.79999999999993,2,4,2,At Risk
17863,35,1,384.72,1,4,3,At Risk
17865,23,2,1079.83,4,5,5,Champions
17869,34,1,214.31999999999996,2,4,2,At Risk
17870,32,1,326.4,2,4,3,At Risk
17873,39,1,215.14999999999998,1,4,2,At Risk
17880,30,1,458.91999999999996,3,4,4,Loyal Customers
17884,34,2,324.61999999999995,2,5,3,At Risk
17888,23,1,29.43,4,4,1,Champions
17890,27,1,476.95999999999987,3,4,4,Loyal Customers
17894,18,4,515.8499999999997,4,5,4,Champions
17897,33,2,434.61999999999995,2,5,4,At Risk
17905,18,2,394.14999999999986,4,5,3,Champions
17908,39,1,243.27999999999992,1,4,2,At Risk
17912,25,4,289.41,3,5,2,Loyal Customers
17913,21,1,218.05,4,4,2,Champions
17917,28,1,110.91,3,4,1,Loyal Customers
17920,34,2,735.9099999999995,2,5,4,At Risk
17924,39,1,279.0,1,4,2,At Risk
17925,38,1,244.08,1,4,2,At Risk
17937,27,2,2153.88,3,5,5,Loyal Customers
17949,3,2,1746.0,5,5,5,Champions
17950,31,2,263.16999999999996,2,5,2,At Risk
17951,24,2,409.50000000000006,4,5,4,Champions
17954,33,2,128.68,2,5,1,At Risk
17961,19,3,569.7500000000001,4,5,4,Champions
17964,38,1,261.76,1,4,2,At Risk
17965,31,2,156.79999999999998,2,5,1,At Risk
17967,37,1,123.07,1,4,1,At Risk
17968,39,1,277.3499999999999,1,4,2,At Risk
17969,27,1,125.2,3,4,1,Loyal Customers
17975,5,3,1053.3700000000001,5,5,5,Champions
17976,38,1,353.19,1,4,3,At Risk
17978,31,1,300.91999999999996,2,4,2,At Risk
17980,25,1,295.20000000000005,3,4,2,Loyal Customers
17990,19,2,316.0,4,5,3,Champions
17999,32,1,190.33999999999995,2,4,2,At Risk
18004,28,1,169.46999999999997,3,4,1,Loyal Customers
18011,39,1,102.78999999999999,1,4,1,At Risk
18016,30,1,156.65,3,4,1,Loyal Customers
18037,28,1,31.299999999999997,3,4,1,Loyal Customers
18041,3,4,1011.9900000000004,5,5,5,Champions
18043,32,1,316.46,2,4,3,At Risk
18044,26,1,74.25,3,4,1,Loyal Customers
18050,25,1,74.4,3,4,1,Loyal Customers
18055,24,3,1751.1199999999994,4,5,5,Champions
18061,32,1,405.15999999999997,2,4,3,At Risk
18062,3,1,169.8,5,4,1,Champions
18065,30,2,345.0200000000001,3,5,3,Loyal Customers
18071,31,1,258.95,2,4,2,At Risk
18074,39,1,489.6000000000001,1,4,4,At Risk
18075,26,1,198.95,3,4,2,Loyal Customers
18077,21,2,396.33,4,5,3,Champions
18085,39,1,303.9,1,4,3,At Risk
18092,18,3,2852.64,4,5,5,Champions
18097,5,2,657.1800000000002,5,5,4,Champions
18102,31,4,27834.61,2,5,5,At Risk
18109,4,3,691.7300000000005,5,5,4,Champions
18113,34,1,76.32000000000001,2,4,1,At Risk
18116,17,3,665.57,4,5,4,Champions
18118,30,2,608.5100000000001,3,5,4,Loyal Customers
18119,33,1,181.11999999999998,2,4,2,At Risk
18144,26,2,502.65,3,5,4,Loyal Customers
18156,35,1,206.22999999999993,1,4,2,At Risk
18168,25,2,449.94000000000005,3,5,4,Loyal Customers
18176,24,1,476.34999999999997,4,4,4,Champions
18178,30,1,300.65000000000003,3,4,2,Loyal Customers
18179,2,1,335.8,5,4,3,Champions
18198,2,1,300.54,5,4,2,Champions
18219,26,2,390.05999999999995,3,5,3,Loyal Customers
18223,24,1,501.69,4,4,4,Champions
18225,31,1,30.0,2,4,1,At Risk
18226,3,1,417.3,5,4,4,Champions
18229,32,2,653.2,2,5,4,At Risk
18239,38,1,438.0999999999999,1,4,4,At Risk
18245,21,1,365.72999999999996,4,4,3,Champions
18259,32,1,376.30000000000007,2,4,3,At Risk
18260,0,2,787.7699999999999,5,5,5,Champions
18269,32,1,168.6,2,4,1,At Risk
18283,3,1,108.44999999999999,5,4,1,Champions
